<modification>
	<name>Instant Coupon Import</name>
	<version>4.1</version>
	<link>http://store.cartbinder.com/</link>
	<author>Cartbinder</author>
	<code>icimdev</code>
	<file path="admin/controller/marketing/coupon.php">
		<operation>
			<search><![CDATA[$data['button_delete']]]>
			</search>
			<add position="before"><![CDATA[$data['import'] = $this->url->link('sale/coupon', 'token=' . $this->session->data['token'], 'SSL');$data['importcsv'] = $this->url->link('sale/couponcsv', 'token=' . $this->session->data['token'], 'SSL');$data['deleteall'] = $this->url->link('sale/coupon/deleteAll', 'token=' . $this->session->data['token'], 'SSL');
				$data['exportcouponcsvtemplate'] = $this->url->link('sale/coupon/exportcouponcsvtemplate', 'token=' . $this->session->data['token'], 'SSL');
				]]></add>
		</operation>
		<operation>
			<search><![CDATA[if (isset($this->request->post['name'])) {]]>
			</search>
			<add position="before"><![CDATA[
				 $version = str_replace(".","",VERSION);

    if($version > 2100) {
      $this->load->model('customer/customer_group');
      $data['customergroups'] = $this->model_customer_customer_group->getCustomerGroups();
    } else {
      $this->load->model('sale/customer_group');
      $data['customergroups'] = $this->model_sale_customer_group->getCustomerGroups();
    }
   
    if (isset($this->request->post['customergroupid'])) {
      $data['customergroupid'] = $this->request->post['customergroupid'];
    }  elseif (!empty($coupon_info)) {
		$data['customergroupid'] = unserialize($coupon_info['customer_group_id']);
	} else {
		$data['customergroupid'] = array();
	}
	if($data['customergroupid'] == "" ) {
	$data['customergroupid'] = array();
	}
	$data['entry_customergroup'] = "Select Customer group";
	$data['help_customergroup'] = "Select none to apply to all";
]]></add>
		</operation>
	</file>
 	<file path="admin/model/marketing/coupon.php">
		<operation>
			<search><![CDATA[public function getCoupons($data = array()) {]]>
			</search>
			<add position="after"><![CDATA[$sql = "SHOW COLUMNS FROM `" . DB_PREFIX . "coupon` LIKE  'customer_group_id'";
		 $result = $this->db->query($sql)->num_rows;
	       if(!$result) {
	      	 $this->db->query("ALTER TABLE  `". DB_PREFIX ."coupon` ADD  `customer_group_id` varchar(128) NOT NULL AFTER  `code`");
	       }]]></add>
		</operation>
		<operation>
			<search><![CDATA[$coupon_id = $this->db->getLastId();]]></search>
			<add  position="after"><![CDATA[
	      	 $this->db->query("UPDATE  `". DB_PREFIX ."coupon` SET  `customer_group_id`  = '" . $this->db->escape(serialize($data['customergroupid'])) . "' WHERE coupon_id = '".(int)$coupon_id."'");
	       ]]></add>
		</operation>
		<operation>
			<search><![CDATA[$this->event->trigger('pre.admin.edit.coupon', $data);]]></search>
			<add position="after"><![CDATA[
	      	 $this->db->query("UPDATE  `". DB_PREFIX ."coupon` SET  `customer_group_id`  = '" . $this->db->escape(serialize($data['customergroupid'])) . "' WHERE coupon_id = '".(int)$coupon_id."'");
	       ]]></add>
		</operation>
	</file> 
	<file path="admin/view/template/marketing/coupon_list.tpl">
		<operation>
			<search position="replace"><![CDATA[ <div class="pull-right"><a href="<?php echo $add; ?>" data-toggle="tooltip" title="<?php echo $button_add; ?>" class="btn btn-primary"><i class="fa fa-plus"></i></a>]]></search>
			<add><![CDATA[
				 <div class="pull-right">
				 	<a href="<?php echo $import; ?>" data-toggle="tooltip" title="Import via form" class="btn btn-primary">Import Coupon Via Form</a> 
				 	<a href="<?php echo $importcsv; ?>" data-toggle="tooltip" title="Import via csv" class="btn btn-primary">Import Coupon Via Csv Sheet</a>
				 	<a href="<?php echo $exportcouponcsvtemplate; ?>" data-toggle="tooltip" title="Export all coupons" class="btn btn-success deleteall">Export All Coupons</a>
				 	<a href="<?php echo $deleteall; ?>" data-toggle="tooltip" title="Delete all coupons" class="btn btn-danger deleteall">Delete All</a>
				 	<a href="<?php echo $add; ?>" data-toggle="tooltip" title="<?php echo $button_add; ?>" class="btn btn-primary"><i class="fa fa-plus"></i></a>
				]]></add>
		</operation>
	</file>
   <file path="admin/view/template/marketing/coupon_form.tpl">
		<operation>
			<search><![CDATA[<label class="col-sm-2 control-label"><?php echo $entry_shipping; ?></label>]]></search>
			<add  position="before"><![CDATA[
          <label class="col-sm-2 control-label"><span data-toggle="tooltip" title="<?php echo $help_customergroup; ?>"><?php echo $entry_customergroup; ?></span></label>
          <div class="col-sm-10">
            <div class="well well-sm" style="height: 150px; overflow: auto;">
              <?php foreach ($customergroups as $customergroup) { ?>
              <div class="checkbox">
                <label>
                  <?php if (in_array($customergroup['customer_group_id'], $customergroupid)) { ?>
                  <input type="checkbox" name="customergroupid[]" value="<?php echo $customergroup['customer_group_id']; ?>" checked="checked" />
                  <?php echo $customergroup['name']; ?>
                  <?php } else { ?>
                  <input type="checkbox" name="customergroupid[]" value="<?php echo $customergroup['customer_group_id']; ?>" />
                  <?php echo $customergroup['name']; ?>
                  <?php } ?>
                </label>
              </div>
              <?php } ?>
            </div>
          </div>
        </div>
       <div class="form-group">
	]]></add>
		</operation>
	</file>
</modification>